Purchase Key,Date Key,Supplier Key,Stock Item Key,WWI Purchase Order ID,Ordered Outers,Ordered Quantity,Received Outers,Package,Is Order Finalized,Lineage Key
1,01-01-2013,15,70,1,18,18,18,Packet,TRUE,10
2,01-01-2013,15,69,1,21,21,21,Packet,TRUE,10
3,01-01-2013,15,68,1,18,18,18,Packet,TRUE,10
4,01-01-2013,17,144,2,8,96,8,Carton,TRUE,10
5,01-01-2013,17,143,2,1,12,1,Carton,TRUE,10
6,01-01-2013,17,142,2,1,12,1,Carton,TRUE,10
7,01-01-2013,17,140,2,2,24,2,Carton,TRUE,10
8,01-01-2013,17,139,2,7,84,7,Carton,TRUE,10
9,01-01-2013,17,136,2,3,36,3,Carton,TRUE,10
10,01-01-2013,17,135,2,5,60,5,Carton,TRUE,10
11,01-01-2013,17,134,2,1,12,1,Carton,TRUE,10
12,01-01-2013,17,132,2,9,108,9,Carton,TRUE,10
13,01-01-2013,17,131,2,6,72,6,Carton,TRUE,10
14,01-01-2013,17,128,2,6,72,6,Carton,TRUE,10
15,01-01-2013,17,126,2,9,108,9,Carton,TRUE,10
16,01-01-2013,17,125,2,2,24,2,Carton,TRUE,10
17,01-01-2013,17,122,2,1,12,1,Carton,TRUE,10
18,01-01-2013,17,121,2,14,168,14,Carton,TRUE,10
19,01-01-2013,17,120,2,14,168,14,Carton,TRUE,10
20,01-01-2013,17,118,2,6,6,6,Each,TRUE,10
21,01-01-2013,17,116,2,10,10,10,Each,TRUE,10
22,01-01-2013,17,111,2,16,16,16,Each,TRUE,10
23,01-01-2013,17,110,2,12,12,12,Each,TRUE,10
24,01-01-2013,17,109,2,7,7,7,Each,TRUE,10
25,01-01-2013,17,107,2,6,6,6,Each,TRUE,10
26,01-01-2013,17,105,2,11,11,11,Each,TRUE,10
27,01-01-2013,17,99,2,22,22,22,Each,TRUE,10
28,01-01-2013,17,97,2,25,25,25,Each,TRUE,10
29,01-01-2013,17,95,2,22,22,22,Each,TRUE,10
30,01-01-2013,17,94,2,24,24,24,Each,TRUE,10
31,01-01-2013,17,86,2,23,23,23,Each,TRUE,10
32,01-01-2013,17,82,2,23,276,23,Packet,TRUE,10
33,01-01-2013,17,79,2,16,192,16,Packet,TRUE,10
34,01-01-2013,17,74,2,16,192,16,Carton,TRUE,10
35,01-01-2013,17,73,2,17,204,17,Carton,TRUE,10
36,01-01-2013,17,72,2,14,168,14,Carton,TRUE,10
37,01-01-2013,17,71,2,12,144,12,Carton,TRUE,10
38,01-01-2013,18,204,3,28,28,28,Each,TRUE,10
39,01-01-2013,18,202,3,46,46,46,Each,TRUE,10
40,01-01-2013,18,201,3,36,36,36,Each,TRUE,10
41,01-01-2013,18,200,3,35,35,35,Each,TRUE,10
42,01-01-2013,18,199,3,36,36,36,Each,TRUE,10
43,01-01-2013,18,198,3,38,38,38,Each,TRUE,10
44,01-01-2013,18,197,3,30,30,30,Each,TRUE,10
45,01-01-2013,18,181,3,35,35,35,Each,TRUE,10
46,01-01-2013,18,180,3,43,43,43,Each,TRUE,10
47,01-01-2013,18,179,3,41,41,41,Each,TRUE,10
48,01-01-2013,18,176,3,40,40,40,Each,TRUE,10
49,01-01-2013,18,175,3,29,29,29,Each,TRUE,10
50,01-01-2013,18,170,3,42,42,42,Each,TRUE,10
51,01-01-2013,18,166,3,49,49,49,Each,TRUE,10
52,01-01-2013,18,165,3,43,43,43,Each,TRUE,10
53,01-01-2013,18,163,3,38,38,38,Each,TRUE,10
54,01-01-2013,20,64,4,11,110,11,Each,TRUE,10
55,01-01-2013,20,62,4,4,40,4,Each,TRUE,10
56,01-01-2013,20,58,4,16,160,16,Each,TRUE,10
57,01-01-2013,20,57,4,8,80,8,Each,TRUE,10
58,01-01-2013,20,56,4,6,60,6,Each,TRUE,10
59,01-01-2013,20,55,4,12,120,12,Each,TRUE,10
60,01-01-2013,20,54,4,10,100,10,Each,TRUE,10
61,01-01-2013,20,53,4,18,180,18,Each,TRUE,10
62,01-01-2013,20,52,4,8,80,8,Each,TRUE,10
63,01-01-2013,20,50,4,16,160,16,Each,TRUE,10
64,01-01-2013,20,49,4,9,90,9,Each,TRUE,10
65,01-01-2013,20,48,4,17,170,17,Each,TRUE,10
66,01-01-2013,20,39,4,4,100,4,Each,TRUE,10
67,01-01-2013,20,38,4,9,225,9,Each,TRUE,10
68,01-01-2013,20,37,4,4,100,4,Each,TRUE,10
69,01-01-2013,20,36,4,3,75,3,Each,TRUE,10
70,01-01-2013,20,29,4,12,432,12,Each,TRUE,10
71,01-01-2013,20,26,4,7,168,7,Each,TRUE,10
72,01-01-2013,20,25,4,4,96,4,Each,TRUE,10
73,01-01-2013,20,23,4,8,192,8,Each,TRUE,10
74,01-01-2013,20,22,4,4,96,4,Each,TRUE,10
75,01-01-2013,20,20,4,4,96,4,Each,TRUE,10
76,01-01-2013,20,18,4,4,96,4,Each,TRUE,10
77,01-01-2013,20,14,4,15,180,15,Each,TRUE,10
78,01-01-2013,20,11,4,13,65,13,Each,TRUE,10
79,01-01-2013,20,10,4,15,75,15,Each,TRUE,10
80,01-01-2013,20,7,4,13,13,13,Each,TRUE,10
81,01-01-2013,20,1,4,8,80,8,Each,TRUE,10
82,01-01-2013,23,162,5,87,87,87,Each,TRUE,10
83,01-01-2013,23,161,5,95,95,95,Each,TRUE,10
84,01-01-2013,23,157,5,95,95,95,Each,TRUE,10
85,01-01-2013,23,156,5,106,106,106,Each,TRUE,10
86,01-01-2013,23,153,5,48,48,48,Each,TRUE,10
87,01-01-2013,23,150,5,43,43,43,Each,TRUE,10
88,01-01-2013,23,149,5,57,57,57,Each,TRUE,10
89,01-01-2013,23,148,5,59,59,59,Each,TRUE,10
90,01-01-2013,25,218,6,83,83,83,Each,TRUE,10
91,01-01-2013,25,215,6,99,99,99,Each,TRUE,10
92,01-01-2013,25,214,6,98,98,98,Each,TRUE,10
93,01-01-2013,25,213,6,102,102,102,Each,TRUE,10
94,01-01-2013,25,211,6,96,96,96,Each,TRUE,10
95,02-01-2013,17,143,7,6,72,6,Carton,TRUE,10
96,02-01-2013,17,141,7,4,48,4,Carton,TRUE,10
97,02-01-2013,17,138,7,3,36,3,Carton,TRUE,10
98,02-01-2013,17,133,7,5,60,5,Carton,TRUE,10
99,02-01-2013,17,130,7,6,72,6,Carton,TRUE,10
100,02-01-2013,17,129,7,6,72,6,Carton,TRUE,10
101,02-01-2013,17,127,7,14,168,14,Carton,TRUE,10
102,02-01-2013,17,125,7,1,12,1,Carton,TRUE,10
103,02-01-2013,17,124,7,19,228,19,Carton,TRUE,10
104,02-01-2013,17,123,7,24,288,24,Carton,TRUE,10
105,02-01-2013,17,117,7,9,9,9,Each,TRUE,10
106,02-01-2013,17,115,7,14,14,14,Each,TRUE,10
107,02-01-2013,17,113,7,8,8,8,Each,TRUE,10
108,02-01-2013,17,108,7,8,8,8,Each,TRUE,10
109,02-01-2013,17,104,7,8,8,8,Each,TRUE,10
110,02-01-2013,17,103,7,10,10,10,Each,TRUE,10
111,02-01-2013,17,102,7,31,31,31,Each,TRUE,10
112,02-01-2013,17,90,7,32,32,32,Each,TRUE,10
113,02-01-2013,17,87,7,30,30,30,Each,TRUE,10
114,02-01-2013,17,83,7,25,25,25,Each,TRUE,10
115,02-01-2013,18,192,8,29,29,29,Each,TRUE,10
116,02-01-2013,18,191,8,42,42,42,Each,TRUE,10
117,02-01-2013,18,182,8,31,31,31,Each,TRUE,10
118,02-01-2013,18,174,8,44,44,44,Each,TRUE,10
119,02-01-2013,20,66,9,8,80,8,Each,TRUE,10
120,02-01-2013,20,60,9,15,150,15,Each,TRUE,10
121,02-01-2013,20,42,9,5,125,5,Each,TRUE,10
122,02-01-2013,20,34,9,11,275,11,Each,TRUE,10
123,02-01-2013,20,32,9,7,175,7,Each,TRUE,10
124,02-01-2013,20,31,9,9,234,9,Each,TRUE,10
125,02-01-2013,20,27,9,2,48,2,Each,TRUE,10
126,02-01-2013,20,24,9,16,384,16,Each,TRUE,10
127,02-01-2013,20,21,9,3,72,3,Each,TRUE,10
128,02-01-2013,20,20,9,2,48,2,Each,TRUE,10
129,02-01-2013,20,17,9,3,30,3,Each,TRUE,10
130,02-01-2013,20,15,9,11,110,11,Each,TRUE,10
131,02-01-2013,20,13,9,13,156,13,Each,TRUE,10
132,02-01-2013,20,9,9,16,160,16,Each,TRUE,10
133,02-01-2013,20,8,9,15,150,15,Each,TRUE,10
134,02-01-2013,20,6,9,11,11,11,Each,TRUE,10
135,02-01-2013,20,4,9,5,50,5,Each,TRUE,10
136,02-01-2013,23,160,10,83,83,83,Each,TRUE,10
137,02-01-2013,25,219,11,88,88,88,Each,TRUE,10
138,02-01-2013,25,217,11,15,150,15,Carton,TRUE,10
139,02-01-2013,25,205,11,196,196,196,Packet,TRUE,10
140,03-01-2013,17,143,12,11,132,11,Carton,TRUE,10
141,03-01-2013,17,119,12,5,60,5,Carton,TRUE,10
142,03-01-2013,17,112,12,6,6,6,Each,TRUE,10
143,03-01-2013,17,106,12,6,6,6,Each,TRUE,10
144,03-01-2013,17,101,12,27,27,27,Each,TRUE,10
145,03-01-2013,17,100,12,36,36,36,Each,TRUE,10
146,03-01-2013,17,91,12,27,27,27,Each,TRUE,10
147,03-01-2013,17,81,12,8,96,8,Packet,TRUE,10
148,03-01-2013,17,77,12,18,216,18,Carton,TRUE,10
149,03-01-2013,18,188,13,26,26,26,Each,TRUE,10
150,03-01-2013,18,187,13,32,32,32,Each,TRUE,10
151,03-01-2013,20,67,14,11,110,11,Each,TRUE,10
152,03-01-2013,20,65,14,24,240,24,Each,TRUE,10
153,03-01-2013,20,61,14,5,50,5,Each,TRUE,10
154,03-01-2013,20,51,14,6,60,6,Each,TRUE,10
155,03-01-2013,20,47,14,8,80,8,Each,TRUE,10
156,03-01-2013,20,45,14,10,10,10,Each,TRUE,10
157,03-01-2013,20,44,14,23,23,23,Each,TRUE,10
158,03-01-2013,20,43,14,4,100,4,Each,TRUE,10
159,03-01-2013,20,41,14,7,175,7,Each,TRUE,10
160,03-01-2013,20,35,14,17,425,17,Each,TRUE,10
161,03-01-2013,20,33,14,23,575,23,Each,TRUE,10
162,03-01-2013,20,31,14,4,104,4,Each,TRUE,10
163,03-01-2013,20,30,14,4,80,4,Each,TRUE,10
164,03-01-2013,20,19,14,6,144,6,Each,TRUE,10
165,03-01-2013,20,17,14,6,60,6,Each,TRUE,10
166,03-01-2013,20,3,14,9,90,9,Each,TRUE,10
167,03-01-2013,23,152,15,47,47,47,Each,TRUE,10
168,03-01-2013,23,146,15,42,42,42,Each,TRUE,10
169,03-01-2013,25,216,16,104,104,104,Each,TRUE,10
170,03-01-2013,25,210,16,111,111,111,Each,TRUE,10
171,03-01-2013,25,207,16,99,99,99,Each,TRUE,10
172,04-01-2013,17,143,17,9,108,9,Carton,TRUE,10
173,04-01-2013,17,137,17,12,144,12,Carton,TRUE,10
174,04-01-2013,17,89,17,21,21,21,Each,TRUE,10
175,04-01-2013,17,88,17,24,24,24,Each,TRUE,10
176,04-01-2013,17,78,17,16,192,16,Carton,TRUE,10
177,04-01-2013,17,75,17,13,156,13,Carton,TRUE,10
178,04-01-2013,18,203,18,33,33,33,Each,TRUE,10
179,04-01-2013,18,167,18,31,31,31,Each,TRUE,10
180,04-01-2013,20,63,19,5,50,5,Each,TRUE,10
181,04-01-2013,20,59,19,12,120,12,Each,TRUE,10
182,04-01-2013,20,46,19,7,7,7,Each,TRUE,10
183,04-01-2013,20,40,19,9,225,9,Each,TRUE,10
184,04-01-2013,20,12,19,13,156,13,Each,TRUE,10
185,04-01-2013,20,2,19,8,80,8,Each,TRUE,10
186,04-01-2013,23,151,20,50,50,50,Each,TRUE,10
187,05-01-2013,17,143,21,2,24,2,Carton,TRUE,10
188,05-01-2013,17,137,21,6,72,6,Carton,TRUE,10
189,05-01-2013,17,114,21,8,8,8,Each,TRUE,10
190,05-01-2013,17,85,21,21,21,21,Each,TRUE,10
191,05-01-2013,17,76,21,18,216,18,Carton,TRUE,10
192,05-01-2013,18,172,22,35,35,35,Each,TRUE,10
193,05-01-2013,20,59,23,8,80,8,Each,TRUE,10
194,05-01-2013,20,43,23,13,325,13,Each,TRUE,10
195,05-01-2013,20,40,23,2,50,2,Each,TRUE,10
196,05-01-2013,20,28,23,11,396,11,Each,TRUE,10
197,05-01-2013,20,16,23,2,20,2,Each,TRUE,10
198,05-01-2013,20,2,23,5,50,5,Each,TRUE,10
199,05-01-2013,23,155,24,83,83,83,Each,TRUE,10
200,05-01-2013,25,212,25,204,204,204,Packet,TRUE,10
201,05-01-2013,25,209,25,102,102,102,Each,TRUE,10
202,07-01-2013,17,143,26,2,24,2,Carton,TRUE,10
203,07-01-2013,17,142,26,2,24,2,Carton,TRUE,10
204,07-01-2013,17,93,26,23,23,23,Each,TRUE,10
205,07-01-2013,17,92,26,34,34,34,Each,TRUE,10
206,07-01-2013,17,84,26,22,22,22,Each,TRUE,10
207,07-01-2013,17,80,26,26,312,26,Packet,TRUE,10
208,07-01-2013,18,193,27,26,26,26,Each,TRUE,10
209,07-01-2013,18,186,27,35,35,35,Each,TRUE,10
210,07-01-2013,18,185,27,40,40,40,Each,TRUE,10
211,07-01-2013,18,184,27,27,27,27,Each,TRUE,10
212,07-01-2013,18,173,27,31,31,31,Each,TRUE,10
213,07-01-2013,18,169,27,26,26,26,Each,TRUE,10
214,07-01-2013,20,16,28,14,140,14,Each,TRUE,10
215,07-01-2013,23,159,29,83,83,83,Each,TRUE,10
216,07-01-2013,25,208,30,101,101,101,Each,TRUE,10
217,07-01-2013,25,206,30,97,97,97,Each,TRUE,10
218,08-01-2013,20,16,31,4,40,4,Each,TRUE,10
219,08-01-2013,20,5,31,9,9,9,Each,TRUE,10
220,09-01-2013,17,143,32,2,24,2,Carton,TRUE,10
221,09-01-2013,18,171,33,28,28,28,Each,TRUE,10
222,09-01-2013,20,16,34,2,20,2,Each,TRUE,10
223,09-01-2013,20,5,34,9,9,9,Each,TRUE,10
224,09-01-2013,23,147,35,55,55,55,Each,TRUE,10
225,10-01-2013,17,143,36,3,36,3,Carton,TRUE,10
226,10-01-2013,17,125,36,7,84,7,Carton,TRUE,10
227,10-01-2013,17,98,36,22,22,22,Each,TRUE,10
228,10-01-2013,17,96,36,23,23,23,Each,TRUE,10
229,10-01-2013,18,164,37,32,32,32,Each,TRUE,10
230,10-01-2013,20,16,38,3,30,3,Each,TRUE,10
231,11-01-2013,17,143,39,6,72,6,Carton,TRUE,10
232,11-01-2013,17,142,39,3,36,3,Carton,TRUE,10
233,11-01-2013,17,125,39,21,252,21,Carton,TRUE,10
234,11-01-2013,18,195,40,26,26,26,Each,TRUE,10
235,11-01-2013,18,190,40,27,27,27,Each,TRUE,10
236,11-01-2013,18,189,40,42,42,42,Each,TRUE,10
237,11-01-2013,18,168,40,28,28,28,Each,TRUE,10
238,12-01-2013,17,142,41,10,120,10,Carton,TRUE,10
239,12-01-2013,17,125,41,3,36,3,Carton,TRUE,10
240,12-01-2013,20,16,42,9,90,9,Each,TRUE,10
241,14-01-2013,17,143,43,8,96,8,Carton,TRUE,10
242,14-01-2013,17,142,43,16,192,16,Carton,TRUE,10
243,14-01-2013,17,134,43,2,24,2,Carton,TRUE,10
244,14-01-2013,17,125,43,16,192,16,Carton,TRUE,10
245,14-01-2013,18,178,44,33,33,33,Each,TRUE,10
246,14-01-2013,20,16,45,1,10,1,Each,TRUE,10
247,14-01-2013,23,158,46,92,92,92,Each,TRUE,10
248,15-01-2013,17,143,47,9,108,9,Carton,TRUE,10
249,15-01-2013,17,142,47,22,264,22,Carton,TRUE,10
250,15-01-2013,17,134,47,35,420,35,Carton,TRUE,10
251,15-01-2013,17,125,47,17,204,17,Carton,TRUE,10
252,15-01-2013,18,194,48,33,33,33,Each,TRUE,10
253,15-01-2013,18,183,48,33,33,33,Each,TRUE,10
254,15-01-2013,23,154,49,88,88,88,Each,TRUE,10
255,16-01-2013,17,143,50,6,72,6,Carton,TRUE,10
256,16-01-2013,17,142,50,19,228,19,Carton,TRUE,10
257,16-01-2013,17,134,50,32,384,32,Carton,TRUE,10
258,16-01-2013,17,125,50,11,132,11,Carton,TRUE,10
259,17-01-2013,17,143,51,5,60,5,Carton,TRUE,10
260,17-01-2013,17,142,51,27,324,27,Carton,TRUE,10
261,17-01-2013,17,134,51,31,372,31,Carton,TRUE,10
262,17-01-2013,17,125,51,15,180,15,Carton,TRUE,10
263,17-01-2013,17,122,51,6,72,6,Carton,TRUE,10
264,18-01-2013,17,143,52,13,156,13,Carton,TRUE,10
265,18-01-2013,17,142,52,40,480,40,Carton,TRUE,10
266,18-01-2013,17,134,52,30,360,30,Carton,TRUE,10
267,18-01-2013,17,125,52,21,252,21,Carton,TRUE,10
268,18-01-2013,17,122,52,5,60,5,Carton,TRUE,10
269,18-01-2013,18,177,53,32,32,32,Each,TRUE,10
270,19-01-2013,17,143,54,9,108,9,Carton,TRUE,10
271,19-01-2013,18,196,55,31,31,31,Each,TRUE,10
272,21-01-2013,17,143,56,18,216,18,Carton,TRUE,10
273,21-01-2013,17,142,56,37,444,37,Carton,TRUE,10
274,21-01-2013,17,134,56,26,312,26,Carton,TRUE,10
275,21-01-2013,17,125,56,13,156,13,Carton,TRUE,10
276,21-01-2013,17,122,56,1,12,1,Carton,TRUE,10
277,22-01-2013,17,143,57,29,348,29,Carton,TRUE,10
278,22-01-2013,17,142,57,36,432,36,Carton,TRUE,10
279,22-01-2013,17,134,57,25,300,25,Carton,TRUE,10
280,22-01-2013,17,125,57,11,132,11,Carton,TRUE,10
281,23-01-2013,17,143,58,28,336,28,Carton,TRUE,10
282,23-01-2013,17,142,58,49,588,49,Carton,TRUE,10
283,23-01-2013,17,134,58,24,288,24,Carton,TRUE,10
284,23-01-2013,17,125,58,23,276,23,Carton,TRUE,10
285,23-01-2013,17,122,58,7,84,7,Carton,TRUE,10
286,24-01-2013,17,143,59,27,324,27,Carton,TRUE,10
287,24-01-2013,17,142,59,48,576,48,Carton,TRUE,10
288,24-01-2013,17,134,59,28,336,28,Carton,TRUE,10
289,24-01-2013,17,125,59,33,396,33,Carton,TRUE,10
290,24-01-2013,17,122,59,25,300,25,Carton,TRUE,10
291,25-01-2013,17,143,60,26,312,26,Carton,TRUE,10
292,25-01-2013,17,142,60,47,564,47,Carton,TRUE,10
293,25-01-2013,17,134,60,27,324,27,Carton,TRUE,10
294,25-01-2013,17,125,60,37,444,37,Carton,TRUE,10
295,25-01-2013,17,122,60,24,288,24,Carton,TRUE,10
296,26-01-2013,17,143,61,8,96,8,Carton,TRUE,10
297,26-01-2013,17,134,61,11,132,11,Carton,TRUE,10
298,26-01-2013,17,125,61,8,96,8,Carton,TRUE,10
299,26-01-2013,23,145,62,43,43,43,Each,TRUE,10
300,28-01-2013,17,143,63,33,396,33,Carton,TRUE,10
301,28-01-2013,17,142,63,48,576,48,Carton,TRUE,10
302,28-01-2013,17,134,63,35,420,35,Carton,TRUE,10
303,28-01-2013,17,125,63,47,564,47,Carton,TRUE,10
304,28-01-2013,17,122,63,21,252,21,Carton,TRUE,10
305,28-01-2013,20,16,64,6,60,6,Each,TRUE,10
306,29-01-2013,17,143,65,44,528,44,Carton,TRUE,10
307,29-01-2013,17,142,65,46,552,46,Carton,TRUE,10
308,29-01-2013,17,140,65,2,24,2,Carton,TRUE,10
309,29-01-2013,17,134,65,36,432,36,Carton,TRUE,10
310,29-01-2013,17,125,65,47,564,47,Carton,TRUE,10
311,29-01-2013,17,122,65,46,552,46,Carton,TRUE,10
312,29-01-2013,20,16,66,2,20,2,Each,TRUE,10
313,30-01-2013,17,143,67,50,600,50,Carton,TRUE,10
314,30-01-2013,17,142,67,50,600,50,Carton,TRUE,10
315,30-01-2013,17,134,67,36,432,36,Carton,TRUE,10
316,30-01-2013,17,125,67,45,540,45,Carton,TRUE,10
317,30-01-2013,17,122,67,48,576,48,Carton,TRUE,10
318,31-01-2013,17,143,68,57,684,57,Carton,TRUE,10
319,31-01-2013,17,142,68,53,636,53,Carton,TRUE,10
320,31-01-2013,17,140,68,7,84,7,Carton,TRUE,10
321,31-01-2013,17,134,68,35,420,35,Carton,TRUE,10
322,31-01-2013,17,125,68,43,516,43,Carton,TRUE,10
323,31-01-2013,17,122,68,56,672,56,Carton,TRUE,10
324,01-02-2013,17,143,69,64,768,64,Carton,TRUE,10
325,01-02-2013,17,142,69,52,624,52,Carton,TRUE,10
326,01-02-2013,17,140,69,10,120,10,Carton,TRUE,10
327,01-02-2013,17,134,69,46,552,46,Carton,TRUE,10
328,01-02-2013,17,125,69,43,516,43,Carton,TRUE,10
329,01-02-2013,17,122,69,64,768,64,Carton,TRUE,10
330,02-02-2013,17,143,70,8,96,8,Carton,TRUE,10
331,02-02-2013,17,142,70,10,120,10,Carton,TRUE,10
332,02-02-2013,17,134,70,2,24,2,Carton,TRUE,10
333,02-02-2013,17,125,70,6,72,6,Carton,TRUE,10
334,04-02-2013,17,143,71,70,840,70,Carton,TRUE,10
335,04-02-2013,17,142,71,65,780,65,Carton,TRUE,10
336,04-02-2013,17,140,71,6,72,6,Carton,TRUE,10
337,04-02-2013,17,134,71,46,552,46,Carton,TRUE,10
338,04-02-2013,17,125,71,45,540,45,Carton,TRUE,10
339,04-02-2013,17,122,71,65,780,65,Carton,TRUE,10
340,05-02-2013,17,143,72,69,828,69,Carton,TRUE,10
341,05-02-2013,17,142,72,64,768,64,Carton,TRUE,10
342,05-02-2013,17,140,72,5,60,5,Carton,TRUE,10
343,05-02-2013,17,134,72,45,540,45,Carton,TRUE,10
344,05-02-2013,17,125,72,43,516,43,Carton,TRUE,10
345,05-02-2013,17,122,72,73,876,73,Carton,TRUE,10
346,06-02-2013,17,143,73,68,816,68,Carton,TRUE,10
347,06-02-2013,17,142,73,63,756,63,Carton,TRUE,10
348,06-02-2013,17,140,73,3,36,3,Carton,TRUE,10
349,06-02-2013,17,134,73,44,528,44,Carton,TRUE,10
350,06-02-2013,17,125,73,45,540,45,Carton,TRUE,10
351,06-02-2013,17,122,73,76,912,76,Carton,TRUE,10
352,07-02-2013,17,143,74,67,804,67,Carton,TRUE,10
353,07-02-2013,17,142,74,62,744,62,Carton,TRUE,10
354,07-02-2013,17,134,74,43,516,43,Carton,TRUE,10
355,07-02-2013,17,125,74,45,540,45,Carton,TRUE,10
356,07-02-2013,17,122,74,76,912,76,Carton,TRUE,10
357,08-02-2013,17,143,75,66,792,66,Carton,TRUE,10
358,08-02-2013,17,142,75,61,732,61,Carton,TRUE,10
359,08-02-2013,17,140,75,3,36,3,Carton,TRUE,10
360,08-02-2013,17,134,75,42,504,42,Carton,TRUE,10
361,08-02-2013,17,125,75,43,516,43,Carton,TRUE,10
362,08-02-2013,17,122,75,75,900,75,Carton,TRUE,10
363,09-02-2013,17,140,76,27,324,27,Carton,TRUE,10
364,09-02-2013,17,134,76,6,72,6,Carton,TRUE,10
365,09-02-2013,17,122,76,10,120,10,Carton,TRUE,10
366,11-02-2013,17,143,77,74,888,74,Carton,TRUE,10
367,11-02-2013,17,142,77,59,708,59,Carton,TRUE,10
368,11-02-2013,17,140,77,30,360,30,Carton,TRUE,10
369,11-02-2013,17,134,77,50,600,50,Carton,TRUE,10
370,11-02-2013,17,125,77,39,468,39,Carton,TRUE,10
371,11-02-2013,17,122,77,83,996,83,Carton,TRUE,10
372,12-02-2013,17,143,78,77,924,77,Carton,TRUE,10
373,12-02-2013,17,142,78,68,816,68,Carton,TRUE,10
374,12-02-2013,17,140,78,28,336,28,Carton,TRUE,10
375,12-02-2013,17,134,78,49,588,49,Carton,TRUE,10
376,12-02-2013,17,125,78,37,444,37,Carton,TRUE,10
377,12-02-2013,17,122,78,91,1092,91,Carton,TRUE,10
378,13-02-2013,17,143,79,85,1020,85,Carton,TRUE,10
379,13-02-2013,17,142,79,70,840,70,Carton,TRUE,10
380,13-02-2013,17,140,79,26,312,26,Carton,TRUE,10
381,13-02-2013,17,134,79,54,648,54,Carton,TRUE,10
382,13-02-2013,17,125,79,35,420,35,Carton,TRUE,10
383,13-02-2013,17,122,79,99,1188,99,Carton,TRUE,10
384,13-02-2013,20,16,80,7,70,7,Each,TRUE,10
385,14-02-2013,17,143,81,89,1068,89,Carton,TRUE,10
386,14-02-2013,17,142,81,86,1032,86,Carton,TRUE,10
387,14-02-2013,17,140,81,33,396,33,Carton,TRUE,10
388,14-02-2013,17,134,81,57,684,57,Carton,TRUE,10
389,14-02-2013,17,125,81,31,372,31,Carton,TRUE,10
390,14-02-2013,17,122,81,114,1368,114,Carton,TRUE,10
391,14-02-2013,20,16,82,12,120,12,Each,TRUE,10
392,15-02-2013,17,143,83,92,1104,92,Carton,TRUE,10
393,15-02-2013,17,142,83,84,1008,84,Carton,TRUE,10
394,15-02-2013,17,140,83,29,348,29,Carton,TRUE,10
395,15-02-2013,17,134,83,55,660,55,Carton,TRUE,10
396,15-02-2013,17,125,83,27,324,27,Carton,TRUE,10
397,15-02-2013,17,122,83,116,1392,116,Carton,TRUE,10
398,15-02-2013,20,16,84,8,80,8,Each,TRUE,10
399,16-02-2013,17,143,85,2,24,2,Carton,TRUE,10
400,16-02-2013,17,140,85,6,72,6,Carton,TRUE,10
401,16-02-2013,17,134,85,8,96,8,Carton,TRUE,10
402,18-02-2013,17,143,86,91,1092,91,Carton,TRUE,10
403,18-02-2013,17,142,86,82,984,82,Carton,TRUE,10
404,18-02-2013,17,140,86,35,420,35,Carton,TRUE,10
405,18-02-2013,17,134,86,60,720,60,Carton,TRUE,10
406,18-02-2013,17,125,86,39,468,39,Carton,TRUE,10
407,18-02-2013,17,122,86,113,1356,113,Carton,TRUE,10
408,18-02-2013,20,16,87,13,130,13,Each,TRUE,10
409,19-02-2013,17,143,88,93,1116,93,Carton,TRUE,10
410,19-02-2013,17,142,88,89,1068,89,Carton,TRUE,10
411,19-02-2013,17,140,88,35,420,35,Carton,TRUE,10
412,19-02-2013,17,134,88,58,696,58,Carton,TRUE,10
413,19-02-2013,17,125,88,35,420,35,Carton,TRUE,10
414,19-02-2013,17,122,88,111,1332,111,Carton,TRUE,10
415,19-02-2013,20,16,89,15,150,15,Each,TRUE,10
416,20-02-2013,17,143,90,91,1092,91,Carton,TRUE,10
417,20-02-2013,17,142,90,97,1164,97,Carton,TRUE,10
418,20-02-2013,17,140,90,31,372,31,Carton,TRUE,10
419,20-02-2013,17,134,90,63,756,63,Carton,TRUE,10
420,20-02-2013,17,125,90,44,528,44,Carton,TRUE,10
421,20-02-2013,17,122,90,109,1308,109,Carton,TRUE,10
422,20-02-2013,20,16,91,19,190,19,Each,TRUE,10
423,21-02-2013,17,143,92,89,1068,89,Carton,TRUE,10
424,21-02-2013,17,142,92,95,1140,95,Carton,TRUE,10
425,21-02-2013,17,140,92,27,324,27,Carton,TRUE,10
426,21-02-2013,17,134,92,61,732,61,Carton,TRUE,10
427,21-02-2013,17,125,92,40,480,40,Carton,TRUE,10
428,21-02-2013,17,122,92,107,1284,107,Carton,TRUE,10
429,21-02-2013,20,16,93,15,150,15,Each,TRUE,10
430,22-02-2013,17,143,94,87,1044,87,Carton,TRUE,10
431,22-02-2013,17,142,94,101,1212,101,Carton,TRUE,10
432,22-02-2013,17,140,94,29,348,29,Carton,TRUE,10
433,22-02-2013,17,134,94,59,708,59,Carton,TRUE,10
434,22-02-2013,17,125,94,36,432,36,Carton,TRUE,10
435,22-02-2013,17,122,94,105,1260,105,Carton,TRUE,10
436,22-02-2013,20,16,95,24,240,24,Each,TRUE,10
437,23-02-2013,17,142,96,12,144,12,Carton,TRUE,10
438,23-02-2013,17,140,96,9,108,9,Carton,TRUE,10
439,23-02-2013,17,122,96,3,36,3,Carton,TRUE,10
440,23-02-2013,20,16,97,10,100,10,Each,TRUE,10
441,25-02-2013,17,143,98,83,996,83,Carton,TRUE,10
442,25-02-2013,17,142,98,109,1308,109,Carton,TRUE,10
443,25-02-2013,17,140,98,30,360,30,Carton,TRUE,10
444,25-02-2013,17,134,98,55,660,55,Carton,TRUE,10
445,25-02-2013,17,125,98,28,336,28,Carton,TRUE,10
446,25-02-2013,17,122,98,104,1248,104,Carton,TRUE,10
447,25-02-2013,20,16,99,26,260,26,Each,TRUE,10
448,26-02-2013,17,143,100,89,1068,89,Carton,TRUE,10
449,26-02-2013,17,142,100,107,1284,107,Carton,TRUE,10
450,26-02-2013,17,140,100,26,312,26,Carton,TRUE,10
451,26-02-2013,17,134,100,62,744,62,Carton,TRUE,10
452,26-02-2013,17,125,100,24,288,24,Carton,TRUE,10
453,26-02-2013,17,122,100,102,1224,102,Carton,TRUE,10
454,26-02-2013,20,16,101,22,220,22,Each,TRUE,10
455,27-02-2013,17,143,102,87,1044,87,Carton,TRUE,10
456,27-02-2013,17,142,102,105,1260,105,Carton,TRUE,10
457,27-02-2013,17,140,102,22,264,22,Carton,TRUE,10
458,27-02-2013,17,134,102,69,828,69,Carton,TRUE,10
459,27-02-2013,17,125,102,20,240,20,Carton,TRUE,10
460,27-02-2013,17,122,102,100,1200,100,Carton,TRUE,10
461,27-02-2013,20,16,103,26,260,26,Each,TRUE,10
462,28-02-2013,17,143,104,85,1020,85,Carton,TRUE,10
463,28-02-2013,17,142,104,113,1356,113,Carton,TRUE,10
464,28-02-2013,17,140,104,18,216,18,Carton,TRUE,10
465,28-02-2013,17,134,104,67,804,67,Carton,TRUE,10
466,28-02-2013,17,125,104,26,312,26,Carton,TRUE,10
467,28-02-2013,17,122,104,98,1176,98,Carton,TRUE,10
468,28-02-2013,20,16,105,22,220,22,Each,TRUE,10
469,01-03-2013,17,143,106,92,1104,92,Carton,TRUE,10
470,01-03-2013,17,142,106,127,1524,127,Carton,TRUE,10
471,01-03-2013,17,140,106,20,240,20,Carton,TRUE,10
472,01-03-2013,17,134,106,74,888,74,Carton,TRUE,10
473,01-03-2013,17,125,106,22,264,22,Carton,TRUE,10
474,01-03-2013,17,122,106,97,1164,97,Carton,TRUE,10
475,01-03-2013,20,16,107,23,230,23,Each,TRUE,10
476,02-03-2013,17,143,108,6,72,6,Carton,TRUE,10
477,02-03-2013,17,142,108,1,12,1,Carton,TRUE,10
478,02-03-2013,17,140,108,15,180,15,Carton,TRUE,10
479,02-03-2013,17,125,108,8,96,8,Carton,TRUE,10
480,02-03-2013,17,122,108,1,12,1,Carton,TRUE,10
481,04-03-2013,17,143,109,97,1164,97,Carton,TRUE,10
482,04-03-2013,17,142,109,134,1608,134,Carton,TRUE,10
483,04-03-2013,17,140,109,50,600,50,Carton,TRUE,10
484,04-03-2013,17,134,109,77,924,77,Carton,TRUE,10
485,04-03-2013,17,125,109,31,372,31,Carton,TRUE,10
486,04-03-2013,17,122,109,105,1260,105,Carton,TRUE,10
487,04-03-2013,20,16,110,28,280,28,Each,TRUE,10
488,05-03-2013,17,143,111,95,1140,95,Carton,TRUE,10
489,05-03-2013,17,142,111,138,1656,138,Carton,TRUE,10
490,05-03-2013,17,140,111,47,564,47,Carton,TRUE,10
491,05-03-2013,17,134,111,75,900,75,Carton,TRUE,10
492,05-03-2013,17,125,111,36,432,36,Carton,TRUE,10
493,05-03-2013,17,122,111,103,1236,103,Carton,TRUE,10
494,05-03-2013,20,16,112,24,240,24,Each,TRUE,10
495,06-03-2013,17,143,113,98,1176,98,Carton,TRUE,10
496,06-03-2013,17,142,113,136,1632,136,Carton,TRUE,10
497,06-03-2013,17,140,113,47,564,47,Carton,TRUE,10
498,06-03-2013,17,134,113,75,900,75,Carton,TRUE,10
499,06-03-2013,17,125,113,36,432,36,Carton,TRUE,10
500,06-03-2013,17,122,113,101,1212,101,Carton,TRUE,10
501,06-03-2013,20,16,114,28,280,28,Each,TRUE,10
502,07-03-2013,17,143,115,108,1296,108,Carton,TRUE,10
503,07-03-2013,17,142,115,151,1812,151,Carton,TRUE,10
504,07-03-2013,17,140,115,43,516,43,Carton,TRUE,10
505,07-03-2013,17,134,115,86,1032,86,Carton,TRUE,10
506,07-03-2013,17,125,115,32,384,32,Carton,TRUE,10
507,07-03-2013,17,122,115,103,1236,103,Carton,TRUE,10
508,07-03-2013,20,16,116,29,290,29,Each,TRUE,10
509,08-03-2013,17,143,117,106,1272,106,Carton,TRUE,10
510,08-03-2013,17,142,117,149,1788,149,Carton,TRUE,10
511,08-03-2013,17,140,117,39,468,39,Carton,TRUE,10
512,08-03-2013,17,134,117,89,1068,89,Carton,TRUE,10
513,08-03-2013,17,125,117,28,336,28,Carton,TRUE,10
514,08-03-2013,17,122,117,104,1248,104,Carton,TRUE,10
515,08-03-2013,20,16,118,32,320,32,Each,TRUE,10
516,09-03-2013,17,142,119,8,96,8,Carton,TRUE,10
517,11-03-2013,17,143,120,108,1296,108,Carton,TRUE,10
518,11-03-2013,17,142,120,175,2100,175,Carton,TRUE,10
519,11-03-2013,17,140,120,33,396,33,Carton,TRUE,10
520,11-03-2013,17,134,120,86,1032,86,Carton,TRUE,10
521,11-03-2013,17,125,120,33,396,33,Carton,TRUE,10
522,11-03-2013,17,122,120,104,1248,104,Carton,TRUE,10
523,11-03-2013,20,16,121,32,320,32,Each,TRUE,10
524,12-03-2013,17,143,122,117,1404,117,Carton,TRUE,10
525,12-03-2013,17,142,122,173,2076,173,Carton,TRUE,10
526,12-03-2013,17,140,122,37,444,37,Carton,TRUE,10
527,12-03-2013,17,134,122,102,1224,102,Carton,TRUE,10
528,12-03-2013,17,125,122,29,348,29,Carton,TRUE,10
529,12-03-2013,17,122,122,102,1224,102,Carton,TRUE,10
530,12-03-2013,20,16,123,28,280,28,Each,TRUE,10
531,13-03-2013,17,143,124,115,1380,115,Carton,TRUE,10
532,13-03-2013,17,142,124,171,2052,171,Carton,TRUE,10
533,13-03-2013,17,140,124,34,408,34,Carton,TRUE,10
534,13-03-2013,17,134,124,100,1200,100,Carton,TRUE,10
535,13-03-2013,17,125,124,27,324,27,Carton,TRUE,10
536,13-03-2013,17,122,124,111,1332,111,Carton,TRUE,10
537,13-03-2013,20,16,125,39,390,39,Each,TRUE,10
538,14-03-2013,17,143,126,128,1536,128,Carton,TRUE,10
539,14-03-2013,17,142,126,184,2208,184,Carton,TRUE,10
540,14-03-2013,17,140,126,30,360,30,Carton,TRUE,10
541,14-03-2013,17,134,126,107,1284,107,Carton,TRUE,10
542,14-03-2013,17,125,126,29,348,29,Carton,TRUE,10
543,14-03-2013,17,122,126,132,1584,132,Carton,TRUE,10
544,14-03-2013,20,16,127,35,350,35,Each,TRUE,10
545,15-03-2013,17,143,128,126,1512,126,Carton,TRUE,10
546,15-03-2013,17,142,128,192,2304,192,Carton,TRUE,10
547,15-03-2013,17,140,128,40,480,40,Carton,TRUE,10
548,15-03-2013,17,134,128,116,1392,116,Carton,TRUE,10
549,15-03-2013,17,125,128,28,336,28,Carton,TRUE,10
550,15-03-2013,17,122,128,130,1560,130,Carton,TRUE,10
551,15-03-2013,20,27,129,2,48,2,Each,TRUE,10
552,15-03-2013,20,16,129,31,310,31,Each,TRUE,10
553,16-03-2013,17,143,130,13,156,13,Carton,TRUE,10
554,16-03-2013,17,142,130,4,48,4,Carton,TRUE,10
555,16-03-2013,17,134,130,1,12,1,Carton,TRUE,10
556,16-03-2013,17,125,130,12,144,12,Carton,TRUE,10
557,16-03-2013,17,122,130,20,240,20,Carton,TRUE,10
558,18-03-2013,17,143,131,136,1632,136,Carton,TRUE,10
559,18-03-2013,17,142,131,195,2340,195,Carton,TRUE,10
560,18-03-2013,17,140,131,37,444,37,Carton,TRUE,10
561,18-03-2013,17,134,131,114,1368,114,Carton,TRUE,10
562,18-03-2013,17,125,131,35,420,35,Carton,TRUE,10
563,18-03-2013,17,122,131,154,1848,154,Carton,TRUE,10
564,18-03-2013,20,16,132,30,300,30,Each,TRUE,10
565,19-03-2013,17,143,133,156,1872,156,Carton,TRUE,10
566,19-03-2013,17,142,133,193,2316,193,Carton,TRUE,10
567,19-03-2013,17,140,133,42,504,42,Carton,TRUE,10
568,19-03-2013,17,134,133,120,1440,120,Carton,TRUE,10
569,19-03-2013,17,125,133,41,492,41,Carton,TRUE,10
570,19-03-2013,17,122,133,153,1836,153,Carton,TRUE,10
571,19-03-2013,20,27,134,13,312,13,Each,TRUE,10
572,19-03-2013,20,16,134,28,280,28,Each,TRUE,10
573,20-03-2013,17,143,135,158,1896,158,Carton,TRUE,10
574,20-03-2013,17,142,135,193,2316,193,Carton,TRUE,10
575,20-03-2013,17,140,135,60,720,60,Carton,TRUE,10
576,20-03-2013,17,134,135,123,1476,123,Carton,TRUE,10
577,20-03-2013,17,125,135,40,480,40,Carton,TRUE,10
578,20-03-2013,17,122,135,153,1836,153,Carton,TRUE,10
579,20-03-2013,20,27,136,19,456,19,Each,TRUE,10
580,20-03-2013,20,16,136,24,240,24,Each,TRUE,10
581,21-03-2013,17,143,137,186,2232,186,Carton,TRUE,10
582,21-03-2013,17,142,137,198,2376,198,Carton,TRUE,10
583,21-03-2013,17,140,137,59,708,59,Carton,TRUE,10
584,21-03-2013,17,134,137,121,1452,121,Carton,TRUE,10
585,21-03-2013,17,125,137,46,552,46,Carton,TRUE,10
586,21-03-2013,17,122,137,151,1812,151,Carton,TRUE,10
587,21-03-2013,20,27,138,34,816,34,Each,TRUE,10
588,21-03-2013,20,16,138,38,380,38,Each,TRUE,10
589,22-03-2013,17,143,139,205,2460,205,Carton,TRUE,10
590,22-03-2013,17,142,139,196,2352,196,Carton,TRUE,10
591,22-03-2013,17,140,139,64,768,64,Carton,TRUE,10
592,22-03-2013,17,134,139,124,1488,124,Carton,TRUE,10
593,22-03-2013,17,125,139,57,684,57,Carton,TRUE,10
594,22-03-2013,17,122,139,152,1824,152,Carton,TRUE,10
595,22-03-2013,20,27,140,31,744,31,Each,TRUE,10
596,22-03-2013,20,16,140,38,380,38,Each,TRUE,10
597,23-03-2013,20,16,141,1,10,1,Each,TRUE,10
598,25-03-2013,17,143,142,202,2424,202,Carton,TRUE,10
599,25-03-2013,17,142,142,196,2352,196,Carton,TRUE,10
600,25-03-2013,17,140,142,58,696,58,Carton,TRUE,10
601,25-03-2013,17,134,142,121,1452,121,Carton,TRUE,10
602,25-03-2013,17,125,142,51,612,51,Carton,TRUE,10
603,25-03-2013,17,122,142,167,2004,167,Carton,TRUE,10
604,25-03-2013,20,27,143,25,600,25,Each,TRUE,10
605,25-03-2013,20,16,143,39,390,39,Each,TRUE,10
606,26-03-2013,17,143,144,205,2460,205,Carton,TRUE,10
607,26-03-2013,17,142,144,194,2328,194,Carton,TRUE,10
608,26-03-2013,17,140,144,54,648,54,Carton,TRUE,10
609,26-03-2013,17,134,144,133,1596,133,Carton,TRUE,10
610,26-03-2013,17,125,144,47,564,47,Carton,TRUE,10
611,26-03-2013,17,122,144,165,1980,165,Carton,TRUE,10
612,26-03-2013,20,27,145,29,696,29,Each,TRUE,10
613,26-03-2013,20,16,145,35,350,35,Each,TRUE,10
614,27-03-2013,17,143,146,203,2436,203,Carton,TRUE,10
615,27-03-2013,17,142,146,192,2304,192,Carton,TRUE,10
616,27-03-2013,17,140,146,50,600,50,Carton,TRUE,10
617,27-03-2013,17,134,146,137,1644,137,Carton,TRUE,10
618,27-03-2013,17,125,146,43,516,43,Carton,TRUE,10
619,27-03-2013,17,122,146,175,2100,175,Carton,TRUE,10
620,27-03-2013,20,27,147,36,864,36,Each,TRUE,10
621,27-03-2013,20,16,147,42,420,42,Each,TRUE,10
622,28-03-2013,17,143,148,204,2448,204,Carton,TRUE,10
623,28-03-2013,17,142,148,199,2388,199,Carton,TRUE,10
624,28-03-2013,17,140,148,49,588,49,Carton,TRUE,10
625,28-03-2013,17,134,148,135,1620,135,Carton,TRUE,10
626,28-03-2013,17,125,148,39,468,39,Carton,TRUE,10
627,28-03-2013,17,122,148,173,2076,173,Carton,TRUE,10
628,28-03-2013,20,27,149,32,768,32,Each,TRUE,10
629,28-03-2013,20,16,149,38,380,38,Each,TRUE,10
630,29-03-2013,17,143,150,202,2424,202,Carton,TRUE,10
631,29-03-2013,17,142,150,197,2364,197,Carton,TRUE,10
632,29-03-2013,17,140,150,45,540,45,Carton,TRUE,10
633,29-03-2013,17,134,150,133,1596,133,Carton,TRUE,10
634,29-03-2013,17,125,150,35,420,35,Carton,TRUE,10
635,29-03-2013,17,122,150,171,2052,171,Carton,TRUE,10
636,29-03-2013,20,27,151,38,912,38,Each,TRUE,10
637,29-03-2013,20,16,151,42,420,42,Each,TRUE,10
638,30-03-2013,17,142,152,7,84,7,Carton,TRUE,10
639,30-03-2013,17,140,152,6,72,6,Carton,TRUE,10
640,30-03-2013,17,125,152,10,120,10,Carton,TRUE,10
641,30-03-2013,17,122,152,10,120,10,Carton,TRUE,10
642,01-04-2013,17,143,153,207,2484,207,Carton,TRUE,10
643,01-04-2013,17,142,153,201,2412,201,Carton,TRUE,10
644,01-04-2013,17,140,153,54,648,54,Carton,TRUE,10
645,01-04-2013,17,134,153,130,1560,130,Carton,TRUE,10
646,01-04-2013,17,125,153,45,540,45,Carton,TRUE,10
647,01-04-2013,17,122,153,178,2136,178,Carton,TRUE,10
648,01-04-2013,20,27,154,52,1248,52,Each,TRUE,10
649,01-04-2013,20,16,154,47,470,47,Each,TRUE,10
650,02-04-2013,17,143,155,217,2604,217,Carton,TRUE,10
651,02-04-2013,17,142,155,199,2388,199,Carton,TRUE,10
652,02-04-2013,17,140,155,55,660,55,Carton,TRUE,10
653,02-04-2013,17,134,155,128,1536,128,Carton,TRUE,10
654,02-04-2013,17,125,155,41,492,41,Carton,TRUE,10
655,02-04-2013,17,122,155,183,2196,183,Carton,TRUE,10
656,02-04-2013,20,27,156,58,1392,58,Each,TRUE,10
657,02-04-2013,20,16,156,48,480,48,Each,TRUE,10
658,03-04-2013,17,143,157,221,2652,221,Carton,TRUE,10
659,03-04-2013,17,142,157,207,2484,207,Carton,TRUE,10
660,03-04-2013,17,140,157,58,696,58,Carton,TRUE,10
661,03-04-2013,17,134,157,126,1512,126,Carton,TRUE,10
662,03-04-2013,17,125,157,42,504,42,Carton,TRUE,10
663,03-04-2013,17,122,157,185,2220,185,Carton,TRUE,10
664,03-04-2013,20,27,158,63,1512,63,Each,TRUE,10
665,03-04-2013,20,16,158,47,470,47,Each,TRUE,10
666,04-04-2013,17,143,159,227,2724,227,Carton,TRUE,10
667,04-04-2013,17,142,159,215,2580,215,Carton,TRUE,10
668,04-04-2013,17,140,159,66,792,66,Carton,TRUE,10
669,04-04-2013,17,134,159,134,1608,134,Carton,TRUE,10
670,04-04-2013,17,125,159,38,456,38,Carton,TRUE,10
671,04-04-2013,17,122,159,183,2196,183,Carton,TRUE,10
672,04-04-2013,20,27,160,67,1608,67,Each,TRUE,10
673,04-04-2013,20,16,160,50,500,50,Each,TRUE,10
674,05-04-2013,17,143,161,235,2820,235,Carton,TRUE,10
675,05-04-2013,17,142,161,225,2700,225,Carton,TRUE,10
676,05-04-2013,17,140,161,69,828,69,Carton,TRUE,10
677,05-04-2013,17,134,161,132,1584,132,Carton,TRUE,10
678,05-04-2013,17,125,161,56,672,56,Carton,TRUE,10
679,05-04-2013,17,122,161,181,2172,181,Carton,TRUE,10
680,05-04-2013,20,27,162,63,1512,63,Each,TRUE,10
681,05-04-2013,20,16,162,57,570,57,Each,TRUE,10
682,06-04-2013,17,142,163,4,48,4,Carton,TRUE,10
683,06-04-2013,17,122,163,6,72,6,Carton,TRUE,10
684,06-04-2013,20,16,164,6,60,6,Each,TRUE,10
685,08-04-2013,17,143,165,231,2772,231,Carton,TRUE,10
686,08-04-2013,17,142,165,230,2760,230,Carton,TRUE,10
687,08-04-2013,17,140,165,71,852,71,Carton,TRUE,10
688,08-04-2013,17,134,165,145,1740,145,Carton,TRUE,10
689,08-04-2013,17,125,165,57,684,57,Carton,TRUE,10
690,08-04-2013,17,122,165,188,2256,188,Carton,TRUE,10
691,08-04-2013,20,27,166,55,1320,55,Each,TRUE,10
692,08-04-2013,20,16,166,55,550,55,Each,TRUE,10
693,09-04-2013,17,143,167,238,2856,238,Carton,TRUE,10
694,09-04-2013,17,142,167,242,2904,242,Carton,TRUE,10
695,09-04-2013,17,140,167,67,804,67,Carton,TRUE,10
696,09-04-2013,17,134,167,149,1788,149,Carton,TRUE,10
697,09-04-2013,17,125,167,60,720,60,Carton,TRUE,10
698,09-04-2013,17,122,167,192,2304,192,Carton,TRUE,10
699,09-04-2013,20,27,168,51,1224,51,Each,TRUE,10
700,09-04-2013,20,16,168,60,600,60,Each,TRUE,10
701,10-04-2013,17,143,169,245,2940,245,Carton,TRUE,10
702,10-04-2013,17,142,169,245,2940,245,Carton,TRUE,10
703,10-04-2013,17,140,169,67,804,67,Carton,TRUE,10
704,10-04-2013,17,134,169,147,1764,147,Carton,TRUE,10
705,10-04-2013,17,125,169,56,672,56,Carton,TRUE,10
706,10-04-2013,17,122,169,199,2388,199,Carton,TRUE,10
707,10-04-2013,20,27,170,49,1176,49,Each,TRUE,10
708,10-04-2013,20,16,170,56,560,56,Each,TRUE,10
709,11-04-2013,17,143,171,243,2916,243,Carton,TRUE,10
710,11-04-2013,17,142,171,247,2964,247,Carton,TRUE,10
711,11-04-2013,17,140,171,63,756,63,Carton,TRUE,10
712,11-04-2013,17,134,171,145,1740,145,Carton,TRUE,10
713,11-04-2013,17,125,171,61,732,61,Carton,TRUE,10
714,11-04-2013,17,122,171,201,2412,201,Carton,TRUE,10
715,11-04-2013,20,27,172,55,1320,55,Each,TRUE,10
716,11-04-2013,20,16,172,60,600,60,Each,TRUE,10
717,12-04-2013,17,143,173,253,3036,253,Carton,TRUE,10
718,12-04-2013,17,142,173,264,3168,264,Carton,TRUE,10
719,12-04-2013,17,140,173,60,720,60,Carton,TRUE,10
720,12-04-2013,17,134,173,143,1716,143,Carton,TRUE,10
721,12-04-2013,17,125,173,65,780,65,Carton,TRUE,10
722,12-04-2013,17,122,173,214,2568,214,Carton,TRUE,10
723,12-04-2013,20,27,174,59,1416,59,Each,TRUE,10
724,12-04-2013,20,16,174,56,560,56,Each,TRUE,10
725,13-04-2013,17,143,175,5,60,5,Carton,TRUE,10
726,13-04-2013,17,140,175,3,36,3,Carton,TRUE,10
727,13-04-2013,17,134,175,9,108,9,Carton,TRUE,10
728,13-04-2013,17,122,175,7,84,7,Carton,TRUE,10
729,15-04-2013,17,143,176,255,3060,255,Carton,TRUE,10
730,15-04-2013,17,142,176,269,3228,269,Carton,TRUE,10
731,15-04-2013,17,140,176,67,804,67,Carton,TRUE,10
732,15-04-2013,17,134,176,152,1824,152,Carton,TRUE,10
733,15-04-2013,17,125,176,59,708,59,Carton,TRUE,10
734,15-04-2013,17,122,176,218,2616,218,Carton,TRUE,10
735,15-04-2013,20,27,177,53,1272,53,Each,TRUE,10
736,15-04-2013,20,16,177,50,500,50,Each,TRUE,10
737,16-04-2013,17,143,178,253,3036,253,Carton,TRUE,10
738,16-04-2013,17,142,178,276,3312,276,Carton,TRUE,10
739,16-04-2013,17,140,178,86,1032,86,Carton,TRUE,10
740,16-04-2013,17,134,178,150,1800,150,Carton,TRUE,10
741,16-04-2013,17,125,178,74,888,74,Carton,TRUE,10
742,16-04-2013,17,122,178,236,2832,236,Carton,TRUE,10
743,16-04-2013,20,27,179,54,1296,54,Each,TRUE,10
744,16-04-2013,20,16,179,55,550,55,Each,TRUE,10
745,17-04-2013,17,143,180,258,3096,258,Carton,TRUE,10
746,17-04-2013,17,142,180,279,3348,279,Carton,TRUE,10
747,17-04-2013,17,140,180,82,984,82,Carton,TRUE,10
748,17-04-2013,17,134,180,162,1944,162,Carton,TRUE,10
749,17-04-2013,17,125,180,70,840,70,Carton,TRUE,10
750,17-04-2013,17,122,180,237,2844,237,Carton,TRUE,10
751,17-04-2013,20,27,181,59,1416,59,Each,TRUE,10
752,17-04-2013,20,16,181,58,580,58,Each,TRUE,10
753,18-04-2013,17,143,182,256,3072,256,Carton,TRUE,10
754,18-04-2013,17,142,182,282,3384,282,Carton,TRUE,10
755,18-04-2013,17,140,182,102,1224,102,Carton,TRUE,10
756,18-04-2013,17,134,182,170,2040,170,Carton,TRUE,10
757,18-04-2013,17,125,182,73,876,73,Carton,TRUE,10
758,18-04-2013,17,122,182,253,3036,253,Carton,TRUE,10
759,18-04-2013,20,27,183,55,1320,55,Each,TRUE,10
760,18-04-2013,20,16,183,63,630,63,Each,TRUE,10
761,19-04-2013,17,143,184,254,3048,254,Carton,TRUE,10
762,19-04-2013,17,142,184,280,3360,280,Carton,TRUE,10
763,19-04-2013,17,140,184,112,1344,112,Carton,TRUE,10
764,19-04-2013,17,134,184,169,2028,169,Carton,TRUE,10
765,19-04-2013,17,125,184,79,948,79,Carton,TRUE,10
766,19-04-2013,17,122,184,262,3144,262,Carton,TRUE,10
767,19-04-2013,20,27,185,65,1560,65,Each,TRUE,10
768,19-04-2013,20,16,185,62,620,62,Each,TRUE,10
769,20-04-2013,17,143,186,2,24,2,Carton,TRUE,10
770,20-04-2013,17,125,186,10,120,10,Carton,TRUE,10
771,20-04-2013,20,27,187,5,120,5,Each,TRUE,10
772,22-04-2013,17,143,188,263,3156,263,Carton,TRUE,10
773,22-04-2013,17,142,188,288,3456,288,Carton,TRUE,10
774,22-04-2013,17,140,188,113,1356,113,Carton,TRUE,10
775,22-04-2013,17,134,188,169,2028,169,Carton,TRUE,10
776,22-04-2013,17,125,188,113,1356,113,Carton,TRUE,10
777,22-04-2013,17,122,188,266,3192,266,Carton,TRUE,10
778,22-04-2013,20,27,189,80,1920,80,Each,TRUE,10
779,22-04-2013,20,16,189,66,660,66,Each,TRUE,10
780,23-04-2013,17,143,190,264,3168,264,Carton,TRUE,10
781,23-04-2013,17,142,190,292,3504,292,Carton,TRUE,10
782,23-04-2013,17,140,190,117,1404,117,Carton,TRUE,10
783,23-04-2013,17,134,190,186,2232,186,Carton,TRUE,10
784,23-04-2013,17,125,190,116,1392,116,Carton,TRUE,10
785,23-04-2013,17,122,190,270,3240,270,Carton,TRUE,10
786,23-04-2013,20,27,191,76,1824,76,Each,TRUE,10
787,23-04-2013,20,16,191,62,620,62,Each,TRUE,10
788,24-04-2013,17,143,192,262,3144,262,Carton,TRUE,10
789,24-04-2013,17,142,192,296,3552,296,Carton,TRUE,10
790,24-04-2013,17,140,192,113,1356,113,Carton,TRUE,10
791,24-04-2013,17,134,192,184,2208,184,Carton,TRUE,10
792,24-04-2013,17,125,192,118,1416,118,Carton,TRUE,10
793,24-04-2013,17,122,192,276,3312,276,Carton,TRUE,10
794,24-04-2013,20,27,193,75,1800,75,Each,TRUE,10
795,24-04-2013,20,16,193,63,630,63,Each,TRUE,10
796,25-04-2013,17,143,194,267,3204,267,Carton,TRUE,10
797,25-04-2013,17,142,194,294,3528,294,Carton,TRUE,10
798,25-04-2013,17,140,194,116,1392,116,Carton,TRUE,10
799,25-04-2013,17,134,194,182,2184,182,Carton,TRUE,10
800,25-04-2013,17,125,194,114,1368,114,Carton,TRUE,10
801,25-04-2013,17,122,194,274,3288,274,Carton,TRUE,10
802,25-04-2013,20,27,195,81,1944,81,Each,TRUE,10
803,25-04-2013,20,16,195,59,590,59,Each,TRUE,10
804,26-04-2013,17,143,196,267,3204,267,Carton,TRUE,10
805,26-04-2013,17,142,196,292,3504,292,Carton,TRUE,10
806,26-04-2013,17,140,196,116,1392,116,Carton,TRUE,10
807,26-04-2013,17,134,196,180,2160,180,Carton,TRUE,10
808,26-04-2013,17,125,196,110,1320,110,Carton,TRUE,10
809,26-04-2013,17,122,196,281,3372,281,Carton,TRUE,10
810,26-04-2013,20,27,197,81,1944,81,Each,TRUE,10
811,26-04-2013,20,16,197,55,550,55,Each,TRUE,10
812,27-04-2013,17,142,198,8,96,8,Carton,TRUE,10
813,27-04-2013,17,140,198,8,96,8,Carton,TRUE,10
814,27-04-2013,17,122,198,4,48,4,Carton,TRUE,10
815,27-04-2013,20,27,199,14,336,14,Each,TRUE,10
816,29-04-2013,17,143,200,265,3180,265,Carton,TRUE,10
817,29-04-2013,17,142,200,303,3636,303,Carton,TRUE,10
818,29-04-2013,17,140,200,116,1392,116,Carton,TRUE,10
819,29-04-2013,17,134,200,176,2112,176,Carton,TRUE,10
820,29-04-2013,17,125,200,102,1224,102,Carton,TRUE,10
821,29-04-2013,17,122,200,283,3396,283,Carton,TRUE,10
822,29-04-2013,20,27,201,107,2568,107,Each,TRUE,10
823,29-04-2013,20,16,201,47,470,47,Each,TRUE,10
824,30-04-2013,17,143,202,265,3180,265,Carton,TRUE,10
825,30-04-2013,17,142,202,307,3684,307,Carton,TRUE,10
826,30-04-2013,17,140,202,114,1368,114,Carton,TRUE,10
827,30-04-2013,17,134,202,174,2088,174,Carton,TRUE,10
828,30-04-2013,17,125,202,101,1212,101,Carton,TRUE,10
829,30-04-2013,17,122,202,281,3372,281,Carton,TRUE,10
830,30-04-2013,20,27,203,107,2568,107,Each,TRUE,10
831,30-04-2013,20,16,203,44,440,44,Each,TRUE,10
832,01-05-2013,17,143,204,263,3156,263,Carton,TRUE,10
833,01-05-2013,17,142,204,322,3864,322,Carton,TRUE,10
834,01-05-2013,17,140,204,110,1320,110,Carton,TRUE,10
835,01-05-2013,17,134,204,195,2340,195,Carton,TRUE,10
836,01-05-2013,17,125,204,103,1236,103,Carton,TRUE,10
837,01-05-2013,17,122,204,295,3540,295,Carton,TRUE,10
838,01-05-2013,20,27,205,119,2856,119,Each,TRUE,10
839,01-05-2013,20,16,205,42,420,42,Each,TRUE,10
840,02-05-2013,17,143,206,261,3132,261,Carton,TRUE,10
841,02-05-2013,17,142,206,349,4188,349,Carton,TRUE,10
842,02-05-2013,17,140,206,106,1272,106,Carton,TRUE,10
843,02-05-2013,17,134,206,202,2424,202,Carton,TRUE,10
844,02-05-2013,17,125,206,102,1224,102,Carton,TRUE,10
845,02-05-2013,17,122,206,304,3648,304,Carton,TRUE,10
846,02-05-2013,20,27,207,125,3000,125,Each,TRUE,10
847,02-05-2013,20,16,207,41,410,41,Each,TRUE,10
848,03-05-2013,17,143,208,260,3120,260,Carton,TRUE,10
849,03-05-2013,17,142,208,372,4464,372,Carton,TRUE,10
850,03-05-2013,17,140,208,102,1224,102,Carton,TRUE,10
851,03-05-2013,17,134,208,215,2580,215,Carton,TRUE,10
852,03-05-2013,17,125,208,98,1176,98,Carton,TRUE,10
853,03-05-2013,17,122,208,308,3696,308,Carton,TRUE,10
854,03-05-2013,20,27,209,121,2904,121,Each,TRUE,10
855,03-05-2013,20,16,209,46,460,46,Each,TRUE,10
856,04-05-2013,17,143,210,4,48,4,Carton,TRUE,10
857,04-05-2013,17,142,210,7,84,7,Carton,TRUE,10
858,06-05-2013,17,143,211,261,3132,261,Carton,TRUE,10
859,06-05-2013,17,142,211,410,4920,410,Carton,TRUE,10
860,06-05-2013,17,140,211,96,1152,96,Carton,TRUE,10
861,06-05-2013,17,134,211,217,2604,217,Carton,TRUE,10
862,06-05-2013,17,125,211,95,1140,95,Carton,TRUE,10
863,06-05-2013,17,122,211,312,3744,312,Carton,TRUE,10
864,06-05-2013,20,27,212,122,2928,122,Each,TRUE,10
865,06-05-2013,20,16,212,40,400,40,Each,TRUE,10
866,07-05-2013,17,143,213,264,3168,264,Carton,TRUE,10
867,07-05-2013,17,142,213,408,4896,408,Carton,TRUE,10
868,07-05-2013,17,140,213,100,1200,100,Carton,TRUE,10
869,07-05-2013,17,134,213,215,2580,215,Carton,TRUE,10
870,07-05-2013,17,125,213,92,1104,92,Carton,TRUE,10
871,07-05-2013,17,122,213,315,3780,315,Carton,TRUE,10
872,07-05-2013,20,27,214,118,2832,118,Each,TRUE,10
873,07-05-2013,20,16,214,36,360,36,Each,TRUE,10
874,08-05-2013,17,143,215,272,3264,272,Carton,TRUE,10
875,08-05-2013,17,142,215,412,4944,412,Carton,TRUE,10
876,08-05-2013,17,140,215,116,1392,116,Carton,TRUE,10
877,08-05-2013,17,134,215,245,2940,245,Carton,TRUE,10
878,08-05-2013,17,125,215,95,1140,95,Carton,TRUE,10
879,08-05-2013,17,122,215,329,3948,329,Carton,TRUE,10
880,08-05-2013,20,27,216,114,2736,114,Each,TRUE,10
881,08-05-2013,20,16,216,37,370,37,Each,TRUE,10
882,09-05-2013,17,143,217,277,3324,277,Carton,TRUE,10
883,09-05-2013,17,142,217,416,4992,416,Carton,TRUE,10
884,09-05-2013,17,140,217,118,1416,118,Carton,TRUE,10
885,09-05-2013,17,134,217,243,2916,243,Carton,TRUE,10
886,09-05-2013,17,125,217,108,1296,108,Carton,TRUE,10
887,09-05-2013,17,122,217,332,3984,332,Carton,TRUE,10
888,09-05-2013,20,27,218,121,2904,121,Each,TRUE,10
889,09-05-2013,20,16,218,54,540,54,Each,TRUE,10
890,10-05-2013,17,143,219,275,3300,275,Carton,TRUE,10
891,10-05-2013,17,142,219,427,5124,427,Carton,TRUE,10
892,10-05-2013,17,140,219,124,1488,124,Carton,TRUE,10
893,10-05-2013,17,134,219,241,2892,241,Carton,TRUE,10
894,10-05-2013,17,125,219,106,1272,106,Carton,TRUE,10
895,10-05-2013,17,122,219,340,4080,340,Carton,TRUE,10
896,10-05-2013,20,27,220,122,2928,122,Each,TRUE,10
897,10-05-2013,20,16,220,60,600,60,Each,TRUE,10
898,11-05-2013,17,142,221,9,108,9,Carton,TRUE,10
899,11-05-2013,17,122,221,3,36,3,Carton,TRUE,10
900,13-05-2013,17,143,222,274,3288,274,Carton,TRUE,10
901,13-05-2013,17,142,222,433,5196,433,Carton,TRUE,10
902,13-05-2013,17,140,222,118,1416,118,Carton,TRUE,10
903,13-05-2013,17,134,222,238,2856,238,Carton,TRUE,10
904,13-05-2013,17,125,222,100,1200,100,Carton,TRUE,10
905,13-05-2013,17,122,222,350,4200,350,Carton,TRUE,10
906,13-05-2013,20,27,223,121,2904,121,Each,TRUE,10
907,13-05-2013,20,16,223,54,540,54,Each,TRUE,10
908,14-05-2013,17,143,224,277,3324,277,Carton,TRUE,10
909,14-05-2013,17,142,224,440,5280,440,Carton,TRUE,10
910,14-05-2013,17,140,224,114,1368,114,Carton,TRUE,10
911,14-05-2013,17,134,224,258,3096,258,Carton,TRUE,10
912,14-05-2013,17,125,224,103,1236,103,Carton,TRUE,10
913,14-05-2013,17,122,224,348,4176,348,Carton,TRUE,10
914,14-05-2013,20,27,225,125,3000,125,Each,TRUE,10
915,14-05-2013,20,16,225,50,500,50,Each,TRUE,10
916,15-05-2013,17,143,226,283,3396,283,Carton,TRUE,10
917,15-05-2013,17,142,226,438,5256,438,Carton,TRUE,10
918,15-05-2013,17,140,226,115,1380,115,Carton,TRUE,10
919,15-05-2013,17,134,226,262,3144,262,Carton,TRUE,10
920,15-05-2013,17,125,226,103,1236,103,Carton,TRUE,10
921,15-05-2013,17,122,226,346,4152,346,Carton,TRUE,10
922,15-05-2013,20,27,227,122,2928,122,Each,TRUE,10
923,15-05-2013,20,16,227,57,570,57,Each,TRUE,10
924,16-05-2013,17,143,228,289,3468,289,Carton,TRUE,10
925,16-05-2013,17,142,228,436,5232,436,Carton,TRUE,10
926,16-05-2013,17,140,228,119,1428,119,Carton,TRUE,10
927,16-05-2013,17,134,228,260,3120,260,Carton,TRUE,10
928,16-05-2013,17,125,228,99,1188,99,Carton,TRUE,10
929,16-05-2013,17,122,228,349,4188,349,Carton,TRUE,10
930,16-05-2013,20,27,229,118,2832,118,Each,TRUE,10
931,16-05-2013,20,16,229,53,530,53,Each,TRUE,10
932,17-05-2013,17,143,230,287,3444,287,Carton,TRUE,10
933,17-05-2013,17,142,230,441,5292,441,Carton,TRUE,10
934,17-05-2013,17,140,230,115,1380,115,Carton,TRUE,10
935,17-05-2013,17,134,230,263,3156,263,Carton,TRUE,10
936,17-05-2013,17,125,230,113,1356,113,Carton,TRUE,10
937,17-05-2013,17,122,230,352,4224,352,Carton,TRUE,10
938,17-05-2013,20,27,231,137,3288,137,Each,TRUE,10
939,17-05-2013,20,16,231,62,620,62,Each,TRUE,10
940,18-05-2013,17,143,232,3,36,3,Carton,TRUE,10
941,18-05-2013,17,140,232,9,108,9,Carton,TRUE,10
942,18-05-2013,17,125,232,8,96,8,Carton,TRUE,10
943,18-05-2013,20,16,233,1,10,1,Each,TRUE,10
944,20-05-2013,17,143,234,287,3444,287,Carton,TRUE,10
945,20-05-2013,17,142,234,453,5436,453,Carton,TRUE,10
946,20-05-2013,17,140,234,116,1392,116,Carton,TRUE,10
947,20-05-2013,17,134,234,259,3108,259,Carton,TRUE,10
948,20-05-2013,17,125,234,123,1476,123,Carton,TRUE,10
949,20-05-2013,17,122,234,358,4296,358,Carton,TRUE,10
950,20-05-2013,20,27,235,144,3456,144,Each,TRUE,10
951,20-05-2013,20,16,235,68,680,68,Each,TRUE,10
952,21-05-2013,17,143,236,295,3540,295,Carton,TRUE,10
953,21-05-2013,17,142,236,451,5412,451,Carton,TRUE,10
954,21-05-2013,17,140,236,138,1656,138,Carton,TRUE,10
955,21-05-2013,17,134,236,257,3084,257,Carton,TRUE,10
956,21-05-2013,17,125,236,119,1428,119,Carton,TRUE,10
957,21-05-2013,17,122,236,356,4272,356,Carton,TRUE,10
958,21-05-2013,20,27,237,140,3360,140,Each,TRUE,10
959,21-05-2013,20,16,237,64,640,64,Each,TRUE,10
960,22-05-2013,17,143,238,300,3600,300,Carton,TRUE,10
961,22-05-2013,17,142,238,449,5388,449,Carton,TRUE,10
962,22-05-2013,17,140,238,134,1608,134,Carton,TRUE,10
963,22-05-2013,17,134,238,267,3204,267,Carton,TRUE,10
964,22-05-2013,17,125,238,122,1464,122,Carton,TRUE,10
965,22-05-2013,17,122,238,360,4320,360,Carton,TRUE,10
966,22-05-2013,20,27,239,138,3312,138,Each,TRUE,10
967,22-05-2013,20,16,239,60,600,60,Each,TRUE,10
968,23-05-2013,17,143,240,313,3756,313,Carton,TRUE,10
969,23-05-2013,17,142,240,455,5460,455,Carton,TRUE,10
970,23-05-2013,17,140,240,132,1584,132,Carton,TRUE,10
971,23-05-2013,17,134,240,267,3204,267,Carton,TRUE,10
972,23-05-2013,17,125,240,118,1416,118,Carton,TRUE,10
973,23-05-2013,17,122,240,358,4296,358,Carton,TRUE,10
974,23-05-2013,20,27,241,142,3408,142,Each,TRUE,10
975,23-05-2013,20,16,241,56,560,56,Each,TRUE,10
976,24-05-2013,17,143,242,317,3804,317,Carton,TRUE,10
977,24-05-2013,17,142,242,469,5628,469,Carton,TRUE,10
978,24-05-2013,17,140,242,132,1584,132,Carton,TRUE,10
979,24-05-2013,17,134,242,294,3528,294,Carton,TRUE,10
980,24-05-2013,17,125,242,114,1368,114,Carton,TRUE,10
981,24-05-2013,17,122,242,361,4332,361,Carton,TRUE,10
982,24-05-2013,20,27,243,138,3312,138,Each,TRUE,10
983,24-05-2013,20,21,243,4,96,4,Each,TRUE,10
984,24-05-2013,20,16,243,59,590,59,Each,TRUE,10
985,25-05-2013,17,134,244,1,12,1,Carton,TRUE,10
986,25-05-2013,20,27,245,13,312,13,Each,TRUE,10
987,27-05-2013,17,143,246,313,3756,313,Carton,TRUE,10
988,27-05-2013,17,142,246,472,5664,472,Carton,TRUE,10
989,27-05-2013,17,140,246,124,1488,124,Carton,TRUE,10
990,27-05-2013,17,134,246,305,3660,305,Carton,TRUE,10
991,27-05-2013,17,125,246,114,1368,114,Carton,TRUE,10
992,27-05-2013,17,122,246,367,4404,367,Carton,TRUE,10
993,27-05-2013,20,27,247,143,3432,143,Each,TRUE,10
994,27-05-2013,20,16,247,54,540,54,Each,TRUE,10
995,28-05-2013,17,143,248,319,3828,319,Carton,TRUE,10
996,28-05-2013,17,142,248,479,5748,479,Carton,TRUE,10
997,28-05-2013,17,140,248,139,1668,139,Carton,TRUE,10
998,28-05-2013,17,134,248,316,3792,316,Carton,TRUE,10
999,28-05-2013,17,125,248,119,1428,119,Carton,TRUE,10
1000,28-05-2013,17,122,248,369,4428,369,Carton,TRUE,10
